"island","site","GenSp","abundance","submitted_name","data_source_title","score","matched_name2","final_name"
"HawaiiIsland","HawaiiIsland_01","Acanthia procellaris",3,"Acanthia procellaris","uBio NameBank",0.988,"Acanthia procellaris","Acanthia procellaris"
"HawaiiIsland","HawaiiIsland_01","Actia eucosmae",4,"Actia eucosmae","Freebase",0.988,"Actia eucosmae","Actia eucosmae"
"HawaiiIsland","HawaiiIsland_01","Anomalochrysa fulvescens rhododora",2,"Anomalochrysa fulvescens rhododora","Encyclopedia of Life",0.999,"Anomalochrysa fulvescens rhododora","Anomalochrysa fulvescens rhododora"
"HawaiiIsland","HawaiiIsland_01","Anoplolepis gracilipes",5,"Anoplolepis gracilipes","Wikispecies",0.988,"Anoplolepis gracilipes","Anoplolepis gracilipes"
"HawaiiIsland","HawaiiIsland_01","Anurophorus lohi",2,"Anurophorus lohi","Encyclopedia of Life",0.988,"Anurophorus lohi","Anurophorus lohi"
"HawaiiIsland","HawaiiIsland_01","Aphis citricola",3,"Aphis citricola","Catalogue of Life Checklist",0.988,"Aphis citricola","Aphis citricola"
"HawaiiIsland","HawaiiIsland_01","Carphuroides pectinatus",7,"Carphuroides pectinatus","Encyclopedia of Life",0.988,"Carphuroides pectinatus","Carphuroides pectinatus"
"HawaiiIsland","HawaiiIsland_01","Carposina achroana",1,"Carposina achroana","Freebase",0.988,"Carposina achroana","Carposina achroana"
"HawaiiIsland","HawaiiIsland_01","Carulaspis minima",1,"Carulaspis minima","Wikispecies",0.988,"Carulaspis minima","Carulaspis minima"
"HawaiiIsland","HawaiiIsland_01","Chlorichaeta albipennis",2,"Chlorichaeta albipennis","Union 4",0.988,"Chlorichaeta albipennis","Chlorichaeta albipennis"
"HawaiiIsland","HawaiiIsland_01","Cillaeopeplus dubius",2,"Cillaeopeplus dubius","Encyclopedia of Life",0.988,"Cillaeopeplus dubius","Cillaeopeplus dubius"
"HawaiiIsland","HawaiiIsland_01","Cis insulicola",1,"Cis insulicola","Encyclopedia of Life",0.988,"Cis insulicola","Cis insulicola"
"HawaiiIsland","HawaiiIsland_01","Cis nudipennis",2,"Cis nudipennis","Encyclopedia of Life",0.988,"Cis nudipennis","Cis nudipennis"
"HawaiiIsland","HawaiiIsland_01","Cydia obliqua",3,"Cydia obliqua","Freebase",0.988,"Cydia obliqua","Cydia obliqua"
"HawaiiIsland","HawaiiIsland_01","Dicranomyia hawaiiensis",1,"Dicranomyia hawaiiensis","National Center for Biotechnology Information",0.988,"Dicranomyia hawaiiensis","Dicranomyia hawaiiensis"
"HawaiiIsland","HawaiiIsland_01","Drosophila lepidobregma",3,"Drosophila lepidobregma","Wikispecies",0.988,"Drosophila lepidobregma","Drosophila lepidobregma"
"HawaiiIsland","HawaiiIsland_01","Drosophila perkinsi",4,"Drosophila perkinsi","CU*STAR",0.988,"Drosophila perkinsi","Drosophila perkinsi"
"HawaiiIsland","HawaiiIsland_01","Echthromorpha fuscator",4,"Echthromorpha fuscator","Index to Organism Names",0.988,"Echthromorpha fuscator","Echthromorpha fuscator"
"HawaiiIsland","HawaiiIsland_01","Elenchus melanias",1,"Elenchus melanias","Encyclopedia of Life",0.988,"Elenchus melanias","Elenchus melanias"
"HawaiiIsland","HawaiiIsland_01","Epiphanis tristis",1,"Epiphanis tristis","Encyclopedia of Life",0.988,"Epiphanis tristis","Epiphanis tristis"
"HawaiiIsland","HawaiiIsland_01","Eupelmus paraleucothrix",20,"Eupelmus paraleucothrix","Encyclopedia of Life",0.988,"Eupelmus paraleucothrix","Eupelmus paraleucothrix"
"HawaiiIsland","HawaiiIsland_01","Eupodes sigmoidensis",8,"Eupodes sigmoidensis","uBio NameBank",0.988,"Eupodes sigmoidensis","Eupodes sigmoidensis"
"HawaiiIsland","HawaiiIsland_01","Fannia canicularis",1,"Fannia canicularis","Wikispecies",0.988,"Fannia canicularis","Fannia canicularis"
"HawaiiIsland","HawaiiIsland_01","Hedylepta blackburni",5,"Hedylepta blackburni","Index to Organism Names",0.988,"Hedylepta blackburni","Hedylepta blackburni"
"HawaiiIsland","HawaiiIsland_01","Heteropsylla cubana",2,"Heteropsylla cubana","Catalogue of Life Checklist",0.988,"Heteropsylla cubana","Heteropsylla cubana"
"HawaiiIsland","HawaiiIsland_01","Hypogastrura pahiku",4,"Hypogastrura pahiku","Encyclopedia of Life",0.988,"Hypogastrura pahiku","Hypogastrura pahiku"
"HawaiiIsland","HawaiiIsland_01","Ilburnia coprosmicola",1,"Ilburnia coprosmicola","uBio NameBank",0.988,"Ilburnia coprosmicola","Ilburnia coprosmicola"
"HawaiiIsland","HawaiiIsland_01","Laupala nigra",2,"Laupala nigra","National Center for Biotechnology Information",0.988,"Laupala nigra","Laupala nigra"
"HawaiiIsland","HawaiiIsland_01","Lispocephala fuscobrunnea",2,"Lispocephala fuscobrunnea","Encyclopedia of Life",0.988,"Lispocephala fuscobrunnea","Lispocephala fuscobrunnea"
"HawaiiIsland","HawaiiIsland_01","Listroderes costirostris",13,"Listroderes costirostris","Wikispecies",0.988,"Listroderes costirostris","Listroderes costirostris"
"HawaiiIsland","HawaiiIsland_01","Mecyclothorax purpuripennis",7,"Mecyclothorax purpuripennis","Wikispecies",0.988,"Mecyclothorax purpuripennis","Mecyclothorax purpuripennis"
"HawaiiIsland","HawaiiIsland_01","Mestolobes droseropa",2,"Mestolobes droseropa","Freebase",0.988,"Mestolobes droseropa","Mestolobes droseropa"
"HawaiiIsland","HawaiiIsland_01","Metaphycus anneckei",1,"Metaphycus anneckei","Wikispecies",0.988,"Metaphycus anneckei","Metaphycus anneckei"
"HawaiiIsland","HawaiiIsland_01","Myllaena pacifica",1,"Myllaena pacifica","Encyclopedia of Life",0.988,"Myllaena pacifica","Myllaena pacifica"
"HawaiiIsland","HawaiiIsland_01","Neoscona theisi",5,"Neoscona theisi","Wikispecies",0.988,"Neoscona theisi","Neoscona theisi"
"HawaiiIsland","HawaiiIsland_01","Nesogonia blackburni",19,"Nesogonia blackburni","Wikispecies",0.988,"Nesogonia blackburni","Nesogonia blackburni"
"HawaiiIsland","HawaiiIsland_01","Nesomimesa hawaiiensis",1,"Nesomimesa hawaiiensis","Encyclopedia of Life",0.988,"Nesomimesa hawaiiensis","Nesomimesa hawaiiensis"
"HawaiiIsland","HawaiiIsland_01","Notiphila insularis",1,"Notiphila insularis","Encyclopedia of Life",0.988,"Notiphila insularis","Notiphila insularis"
"HawaiiIsland","HawaiiIsland_01","Notoedres cati",9,"Notoedres cati","Wikispecies",0.988,"Notoedres cati","Notoedres cati"
"HawaiiIsland","HawaiiIsland_01","Nysius montivagus",10,"Nysius montivagus","Catalogue of Life Checklist",0.988,"Nysius montivagus","Nysius montivagus"
"HawaiiIsland","HawaiiIsland_01","Omiodes anastrepta",10,"Omiodes anastrepta","National Center for Biotechnology Information",0.988,"Omiodes anastrepta","Omiodes anastrepta"
"HawaiiIsland","HawaiiIsland_01","Ophiusa disjungens",2,"Ophiusa disjungens","National Center for Biotechnology Information",0.988,"Ophiusa disjungens","Ophiusa disjungens"
"HawaiiIsland","HawaiiIsland_01","Orthoea vincta",3,"Orthoea vincta","Catalogue of Life Checklist",0.988,"Orthoea vincta","Orthoea vincta"
"HawaiiIsland","HawaiiIsland_01","Paratrechina bourbonica",6,"Paratrechina bourbonica","Encyclopedia of Life",0.988,"Paratrechina bourbonica","Paratrechina bourbonica"
"HawaiiIsland","HawaiiIsland_01","Pauahiana lineata",1,"Pauahiana lineata","Encyclopedia of Life",0.988,"Pauahiana lineata","Pauahiana lineata"
"HawaiiIsland","HawaiiIsland_01","Pediobius wilderi",6,"Pediobius wilderi","uBio NameBank",0.988,"Pediobius wilderi","Pediobius wilderi"
"HawaiiIsland","HawaiiIsland_01","Pedronia cibotii",4,"Pedronia cibotii","Index to Organism Names",0.988,"Pedronia cibotii","Pedronia cibotii"
"HawaiiIsland","HawaiiIsland_01","Phytoseius hawaiiensis",2,"Phytoseius hawaiiensis","Encyclopedia of Life",0.988,"Phytoseius hawaiiensis","Phytoseius hawaiiensis"
"HawaiiIsland","HawaiiIsland_01","Pilorhagidia hirsuta",1,"Pilorhagidia hirsuta","Encyclopedia of Life",0.988,"Pilorhagidia hirsuta","Pilorhagidia hirsuta"
"HawaiiIsland","HawaiiIsland_01","Piophila casei",1,"Piophila casei","Wikispecies",0.988,"Piophila casei","Piophila casei"
"HawaiiIsland","HawaiiIsland_01","Plagithmysus laticollis",1,"Plagithmysus laticollis","Encyclopedia of Life",0.988,"Plagithmysus laticollis","Plagithmysus laticollis"
"HawaiiIsland","HawaiiIsland_01","Projectothrips trespinus",1,"Projectothrips trespinus","Encyclopedia of Life",0.988,"Projectothrips trespinus","Projectothrips trespinus"
"HawaiiIsland","HawaiiIsland_01","Psilopa olga",3,"Psilopa olga","CU*STAR",0.988,"Psilopa olga","Psilopa olga"
"HawaiiIsland","HawaiiIsland_01","Scaptomyza adunca",20,"Scaptomyza adunca","Encyclopedia of Life",0.988,"Scaptomyza adunca","Scaptomyza adunca"
"HawaiiIsland","HawaiiIsland_01","Syrphophagus aphidivorus",1,"Syrphophagus aphidivorus","National Center for Biotechnology Information",0.988,"Syrphophagus aphidivorus","Syrphophagus aphidivorus"
"HawaiiIsland","HawaiiIsland_01","Tegonotus hibiscella",1,"Tegonotus hibiscella","Bishop Museum",0.988,"Tegonotus hibiscella","Tegonotus hibiscella"
"HawaiiIsland","HawaiiIsland_01","Trigonidium kona",16,"Trigonidium kona","Encyclopedia of Life",0.988,"Trigonidium kona","Trigonidium kona"
"HawaiiIsland","HawaiiIsland_01","Tympanococcus tympanistus",1,"Tympanococcus tympanistus","Encyclopedia of Life",0.988,"Tympanococcus tympanistus","Tympanococcus tympanistus"
"HawaiiIsland","HawaiiIsland_01","Xyleborus vulcanus",1,"Xyleborus vulcanus","National Center for Biotechnology Information",0.988,"Xyleborus vulcanus","Xyleborus vulcanus"
"Kauai","Kauai_01","Aedes nocturnus",1,"Aedes nocturnus","Encyclopedia of Life",0.988,"Aedes nocturnus","Aedes nocturnus"
"Kauai","Kauai_01","Agrotis chersotoides",15,"Agrotis chersotoides","Catalogue of Life Checklist",0.75,"Peridroma chersotoides","Peridroma chersotoides"
"Kauai","Kauai_01","Agrotis xiphias",23,"Agrotis xiphias","Encyclopedia of Life",0.988,"Agrotis xiphias","Agrotis xiphias"
"Kauai","Kauai_01","Aleurothrixus floccosus",3,"Aleurothrixus floccosus","National Center for Biotechnology Information",0.988,"Aleurothrixus floccosus","Aleurothrixus floccosus"
"Kauai","Kauai_01","Bembidion munroi brevicolle",8,"Bembidion munroi brevicolle","uBio NameBank",0.999,"Bembidion munroi brevicolle","Bembidion munroi brevicolle"
"Kauai","Kauai_01","Brontolaemus nudicornis",5,"Brontolaemus nudicornis","Encyclopedia of Life",0.988,"Brontolaemus nudicornis","Brontolaemus nudicornis"
"Kauai","Kauai_01","Campsicnemus penicillatus",7,"Campsicnemus penicillatus","Wikispecies",0.988,"Campsicnemus penicillatus","Campsicnemus penicillatus"
"Kauai","Kauai_01","Cardiocondyla venustula",12,"Cardiocondyla venustula","Wikispecies",0.988,"Cardiocondyla venustula","Cardiocondyla venustula"
"Kauai","Kauai_01","Cardiocondyla wroughtonii",19,"Cardiocondyla wroughtonii","Wikispecies",0.988,"Cardiocondyla wroughtonii","Cardiocondyla wroughtonii"
"Kauai","Kauai_01","Carposina olivaceonitens",13,"Carposina olivaceonitens","National Center for Biotechnology Information",0.988,"Carposina olivaceonitens","Carposina olivaceonitens"
"Kauai","Kauai_01","Carposina viridis",6,"Carposina viridis","Freebase",0.988,"Carposina viridis","Carposina viridis"
"Kauai","Kauai_01","Carulaspis giffardi",4,"Carulaspis giffardi","Encyclopedia of Life",0.988,"Carulaspis giffardi","Carulaspis giffardi"
"Kauai","Kauai_01","Cheyletus eruditus",23,"Cheyletus eruditus","Encyclopedia of Life",0.988,"Cheyletus eruditus","Cheyletus eruditus"
"Kauai","Kauai_01","Chrysomphalus dictyospermi",3,"Chrysomphalus dictyospermi","National Center for Biotechnology Information",0.988,"Chrysomphalus dictyospermi","Chrysomphalus dictyospermi"
"Kauai","Kauai_01","Chrysoperla comanche",5,"Chrysoperla comanche","National Center for Biotechnology Information",0.988,"Chrysoperla comanche","Chrysoperla comanche"
"Kauai","Kauai_01","Cligenes marianensis",15,"Cligenes marianensis","Index to Organism Names",0.988,"Cligenes marianensis","Cligenes marianensis"
"Kauai","Kauai_01","Clunio vagans",14,"Clunio vagans","Encyclopedia of Life",0.988,"Clunio vagans","Clunio vagans"
"Kauai","Kauai_01","Coccygomimus punicipes",2,"Coccygomimus punicipes","uBio NameBank",0.988,"Coccygomimus punicipes","Coccygomimus punicipes"
"Kauai","Kauai_01","Conioscinella formosa",1,"Conioscinella formosa","Encyclopedia of Life",0.988,"Conioscinella formosa","Conioscinella formosa"
"Kauai","Kauai_01","Contarinia sorghicola",4,"Contarinia sorghicola","Encyclopedia of Life",0.988,"Contarinia sorghicola","Contarinia sorghicola"
"Kauai","Kauai_01","Cryptophlebia ombrodelta",5,"Cryptophlebia ombrodelta","Wikispecies",0.988,"Cryptophlebia ombrodelta","Cryptophlebia ombrodelta"
"Kauai","Kauai_01","Dacnitus currax",14,"Dacnitus currax","Encyclopedia of Life",0.988,"Dacnitus currax","Dacnitus currax"
"Kauai","Kauai_01","Decadarchis penicillata",6,"Decadarchis penicillata","uBio NameBank",0.988,"Decadarchis penicillata","Decadarchis penicillata"
"Kauai","Kauai_01","Dialeurodes kirkaldyi",8,"Dialeurodes kirkaldyi","National Center for Biotechnology Information",0.988,"Dialeurodes kirkaldyi","Dialeurodes kirkaldyi"
"Kauai","Kauai_01","Diplonevra peregrina",19,"Diplonevra peregrina","National Center for Biotechnology Information",0.988,"Diplonevra peregrina","Diplonevra peregrina"
"Kauai","Kauai_01","Disenochus erythropus",15,"Disenochus erythropus","Index to Organism Names",0.988,"Disenochus erythropus","Disenochus erythropus"
"Kauai","Kauai_01","Drosophila humeralis",18,"Drosophila humeralis","Wikispecies",0.988,"Drosophila humeralis","Drosophila humeralis"
"Kauai","Kauai_01","Drosophila ornata",5,"Drosophila ornata","National Center for Biotechnology Information",0.988,"Drosophila ornata","Drosophila ornata"
"Kauai","Kauai_01","Drosophila papaalai",12,"Drosophila papaalai","Wikispecies",0.988,"Drosophila papaalai","Drosophila papaalai"
"Kauai","Kauai_01","Dyscritomyia fulgens",4,"Dyscritomyia fulgens","Encyclopedia of Life",0.988,"Dyscritomyia fulgens","Dyscritomyia fulgens"
"Kauai","Kauai_01","Entomobrya griseoolivata",22,"Entomobrya griseoolivata","National Center for Biotechnology Information",0.988,"Entomobrya griseoolivata","Entomobrya griseoolivata"
"Kauai","Kauai_01","Epiphyas postvittana",13,"Epiphyas postvittana","Wikispecies",0.988,"Epiphyas postvittana","Epiphyas postvittana"
"Kauai","Kauai_01","Evaza javanensis",7,"Evaza javanensis","Encyclopedia of Life",0.988,"Evaza javanensis","Evaza javanensis"
"Kauai","Kauai_01","Friesea oleia",11,"Friesea oleia","Encyclopedia of Life",0.988,"Friesea oleia","Friesea oleia"
"Kauai","Kauai_01","Hawaiodillo sharpi",11,"Hawaiodillo sharpi","Encyclopedia of Life",0.988,"Hawaiodillo sharpi","Hawaiodillo sharpi"
"Kauai","Kauai_01","Hemiberlesia rapax",8,"Hemiberlesia rapax","Wikispecies",0.988,"Hemiberlesia rapax","Hemiberlesia rapax"
"Kauai","Kauai_01","Heterocrossa plumbeonitida",33,"Heterocrossa plumbeonitida","Index to Organism Names",0.988,"Heterocrossa plumbeonitida","Heterocrossa plumbeonitida"
"Kauai","Kauai_01","Holcobius frater",4,"Holcobius frater","Freebase",0.988,"Holcobius frater","Holcobius frater"
"Kauai","Kauai_01","Holcobius insignigis",1,"Holcobius insignigis","Integrated Taxonomic Information SystemITIS",0.75,"Holcobius insignis","Holcobius insignis"
"Kauai","Kauai_01","Holcobius insignis",17,"Holcobius insignis","Freebase",0.988,"Holcobius insignis","Holcobius insignis"
"Kauai","Kauai_01","Hypocala deflorata",4,"Hypocala deflorata","National Center for Biotechnology Information",0.988,"Hypocala deflorata","Hypocala deflorata"
"Kauai","Kauai_01","Hyposmocoma centralis",11,"Hyposmocoma centralis","Wikispecies",0.988,"Hyposmocoma centralis","Hyposmocoma centralis"
"Kauai","Kauai_01","Hyposmocoma divisa",4,"Hyposmocoma divisa","Wikispecies",0.988,"Hyposmocoma divisa","Hyposmocoma divisa"
"Kauai","Kauai_01","Hyposmocoma palmivora",12,"Hyposmocoma palmivora","Freebase",0.988,"Hyposmocoma palmivora","Hyposmocoma palmivora"
"Kauai","Kauai_01","Hyposmocoma petroptilota",7,"Hyposmocoma petroptilota","Freebase",0.988,"Hyposmocoma petroptilota","Hyposmocoma petroptilota"
"Kauai","Kauai_01","Hyposmocoma sordidella",7,"Hyposmocoma sordidella","Freebase",0.988,"Hyposmocoma sordidella","Hyposmocoma sordidella"
"Kauai","Kauai_01","Laupala kanaele",10,"Laupala kanaele","National Center for Biotechnology Information",0.988,"Laupala kanaele","Laupala kanaele"
"Kauai","Kauai_01","Laupala wailua",9,"Laupala wailua","National Center for Biotechnology Information",0.988,"Laupala wailua","Laupala wailua"
"Kauai","Kauai_01","Lycaena boetica",15,"Lycaena boetica","Index to Organism Names",0.988,"Lycaena boetica","Lycaena boetica"
"Kauai","Kauai_01","Mesothriscus optimus",3,"Mesothriscus optimus","Index to Organism Names",0.988,"Mesothriscus optimus","Mesothriscus optimus"
"Kauai","Kauai_01","Mesovelia mulsanti",11,"Mesovelia mulsanti","National Center for Biotechnology Information",0.988,"Mesovelia mulsanti","Mesovelia mulsanti"
"Kauai","Kauai_01","Nabis blackburni",18,"Nabis blackburni","Encyclopedia of Life",0.988,"Nabis blackburni","Nabis blackburni"
"Kauai","Kauai_01","Nabis lolupe",10,"Nabis lolupe","Encyclopedia of Life",0.988,"Nabis lolupe","Nabis lolupe"
"Kauai","Kauai_01","Necrobia ruficollis",8,"Necrobia ruficollis","Wikispecies",0.988,"Necrobia ruficollis","Necrobia ruficollis"
"Kauai","Kauai_01","Neelus minutus",7,"Neelus minutus","Encyclopedia of Life",0.988,"Neelus minutus","Neelus minutus"
"Kauai","Kauai_01","Nesiomiris seminotatus",19,"Nesiomiris seminotatus","Encyclopedia of Life",0.988,"Nesiomiris seminotatus","Nesiomiris seminotatus"
"Kauai","Kauai_01","Nesodynerus sandwichensis",6,"Nesodynerus sandwichensis","Encyclopedia of Life",0.988,"Nesodynerus sandwichensis","Nesodynerus sandwichensis"
"Kauai","Kauai_01","Nipponorthezia guadalcanalia",8,"Nipponorthezia guadalcanalia","uBio NameBank",0.988,"Nipponorthezia guadalcanalia","Nipponorthezia guadalcanalia"
"Kauai","Kauai_01","Oceanides humeralis",3,"Oceanides humeralis","Encyclopedia of Life",0.988,"Oceanides humeralis","Oceanides humeralis"
"Kauai","Kauai_01","Oliarus kauaiensis",8,"Oliarus kauaiensis","Wikispecies",0.988,"Oliarus kauaiensis","Oliarus kauaiensis"
"Kauai","Kauai_01","Oligota kauaiensis",18,"Oligota kauaiensis","Encyclopedia of Life",0.988,"Oligota kauaiensis","Oligota kauaiensis"
"Kauai","Kauai_01","Oligotoma saundersii",8,"Oligotoma saundersii","Wikispecies",0.988,"Oligotoma saundersii","Oligotoma saundersii"
"Kauai","Kauai_01","Onychiurus folsomi",12,"Onychiurus folsomi","Encyclopedia of Life",0.988,"Onychiurus folsomi","Onychiurus folsomi"
"Kauai","Kauai_01","Orthellia caesarion",14,"Orthellia caesarion","Index to Organism Names",0.988,"Orthellia caesarion","Orthellia caesarion"
"Kauai","Kauai_01","Oxytelus advena",6,"Oxytelus advena","Index to Organism Names",0.988,"Oxytelus advena","Oxytelus advena"
"Kauai","Kauai_01","Paralabella curvicauda",3,"Paralabella curvicauda","Encyclopedia of Life",0.988,"Paralabella curvicauda","Paralabella curvicauda"
"Kauai","Kauai_01","Pararrhaptica dermatopa",15,"Pararrhaptica dermatopa","Freebase",0.988,"Pararrhaptica dermatopa","Pararrhaptica dermatopa"
"Kauai","Kauai_01","Peridroma coniotis",3,"Peridroma coniotis","Freebase",0.988,"Peridroma coniotis","Peridroma coniotis"
"Kauai","Kauai_01","Phidippus audax",29,"Phidippus audax","Wikispecies",0.988,"Phidippus audax","Phidippus audax"
"Kauai","Kauai_01","Plagithmysus sugawai",8,"Plagithmysus sugawai","Encyclopedia of Life",0.988,"Plagithmysus sugawai","Plagithmysus sugawai"
"Kauai","Kauai_01","Polypedilum nubiferum",19,"Polypedilum nubiferum","National Center for Biotechnology Information",0.988,"Polypedilum nubiferum","Polypedilum nubiferum"
"Kauai","Kauai_01","Proterhinus setiger",15,"Proterhinus setiger","Wikispecies",0.988,"Proterhinus setiger","Proterhinus setiger"
"Kauai","Kauai_01","Psammoechus insularis",12,"Psammoechus insularis","uBio NameBank",0.988,"Psammoechus insularis","Psammoechus insularis"
"Kauai","Kauai_01","Pseudopterocheilus relictus",8,"Pseudopterocheilus relictus","Encyclopedia of Life",0.988,"Pseudopterocheilus relictus","Pseudopterocheilus relictus"
"Kauai","Kauai_01","Pseudosinella kalalauensis",2,"Pseudosinella kalalauensis","Encyclopedia of Life",0.988,"Pseudosinella kalalauensis","Pseudosinella kalalauensis"
"Kauai","Kauai_01","Quadristruma emmae",10,"Quadristruma emmae","Index to Organism Names",0.988,"Quadristruma emmae","Quadristruma emmae"
"Kauai","Kauai_01","Scaptomyza hardyi",8,"Scaptomyza hardyi","Encyclopedia of Life",0.988,"Scaptomyza hardyi","Scaptomyza hardyi"
"Kauai","Kauai_01","Scholastes bimaculatus",5,"Scholastes bimaculatus","Encyclopedia of Life",0.988,"Scholastes bimaculatus","Scholastes bimaculatus"
"Kauai","Kauai_01","Schrankia altivolans",7,"Schrankia altivolans","National Center for Biotechnology Information",0.988,"Schrankia altivolans","Schrankia altivolans"
"Kauai","Kauai_01","Schrankia simplex",5,"Schrankia simplex","Encyclopedia of Life",0.988,"Schrankia simplex","Schrankia simplex"
"Kauai","Kauai_01","Schrankia simplllex",1,"Schrankia simplllex","Catalogue of Life Checklist",0.75,"Schrankia simplex","Schrankia simplex"
"Kauai","Kauai_01","Scotorythra arboricolans",10,"Scotorythra arboricolans","Freebase",0.988,"Scotorythra arboricolans","Scotorythra arboricolans"
"Kauai","Kauai_01","Spolas delicata",2,"Spolas delicata","Encyclopedia of Life",0.988,"Spolas delicata","Spolas delicata"
"Kauai","Kauai_01","Syntormon distortitarsis",12,"Syntormon distortitarsis","Encyclopedia of Life",0.988,"Syntormon distortitarsis","Syntormon distortitarsis"
"Kauai","Kauai_01","Tempyra biguttula",17,"Tempyra biguttula","Encyclopedia of Life",0.988,"Tempyra biguttula","Tempyra biguttula"
"Kauai","Kauai_01","Tenuipalpus pacificus",15,"Tenuipalpus pacificus","Wikispecies",0.988,"Tenuipalpus pacificus","Tenuipalpus pacificus"
"Kauai","Kauai_01","Thrips hawaiiensis",8,"Thrips hawaiiensis","Wikispecies",0.988,"Thrips hawaiiensis","Thrips hawaiiensis"
"Kauai","Kauai_01","Thyrocopa brevipalpis",5,"Thyrocopa brevipalpis","Wikispecies",0.988,"Thyrocopa brevipalpis","Thyrocopa brevipalpis"
"Kauai","Kauai_01","Thyrocopa usitata",9,"Thyrocopa usitata","Wikispecies",0.988,"Thyrocopa usitata","Thyrocopa usitata"
"Kauai","Kauai_01","Tinostoma smaragditis",15,"Tinostoma smaragditis","National Center for Biotechnology Information",0.988,"Tinostoma smaragditis","Tinostoma smaragditis"
"Kauai","Kauai_01","Trigonidium flectens",23,"Trigonidium flectens","Encyclopedia of Life",0.988,"Trigonidium flectens","Trigonidium flectens"
"Kauai","Kauai_01","Trigonidium flelectens",1,"Trigonidium flelectens","Catalogue of Life Checklist",0.75,"Trigonidium flectens","Trigonidium flectens"
"Kauai","Kauai_01","Trigonidium novena",10,"Trigonidium novena","Encyclopedia of Life",0.988,"Trigonidium novena","Trigonidium novena"
"Kauai","Kauai_01","Trigonidium octonalis",5,"Trigonidium octonalis","Encyclopedia of Life",0.988,"Trigonidium octonalis","Trigonidium octonalis"
"Kauai","Kauai_01","Udea calliastra",8,"Udea calliastra","Freebase",0.988,"Udea calliastra","Udea calliastra"
"Kauai","Kauai_01","Xyleborus perforans",6,"Xyleborus perforans","National Center for Biotechnology Information",0.988,"Xyleborus perforans","Xyleborus perforans"
"Kauai","Kauai_01","Xyleborus vulcanus",12,"Xyleborus vulcanus","National Center for Biotechnology Information",0.988,"Xyleborus vulcanus","Xyleborus vulcanus"
"Maui","Maui_01","Abanchogastra debilis",4,"Abanchogastra debilis","Catalogue of Life Checklist",0.988,"Abanchogastra debilis","Abanchogastra debilis"
"Maui","Maui_01","Adelencyrtus odonaspidis",2,"Adelencyrtus odonaspidis","Encyclopedia of Life",0.988,"Adelencyrtus odonaspidis","Adelencyrtus odonaspidis"
"Maui","Maui_01","Aedes albopictus",8,"Aedes albopictus","Wikispecies",0.988,"Aedes albopictus","Aedes albopictus"
"Maui","Maui_01","Agrotis tephrias",4,"Agrotis tephrias","Freebase",0.988,"Agrotis tephrias","Agrotis tephrias"
"Maui","Maui_01","Aleurothrixus floccosus",6,"Aleurothrixus floccosus","National Center for Biotechnology Information",0.988,"Aleurothrixus floccosus","Aleurothrixus floccosus"
"Maui","Maui_01","Amblyseius largoensis",10,"Amblyseius largoensis","Wikispecies",0.988,"Amblyseius largoensis","Amblyseius largoensis"
"Maui","Maui_01","Anax strenuus",2,"Anax strenuus","Wikispecies",0.988,"Anax strenuus","Anax strenuus"
"Maui","Maui_01","Anisolabis eteronoma",1,"Anisolabis eteronoma","Index to Organism Names",0.988,"Anisolabis eteronoma","Anisolabis eteronoma"
"Maui","Maui_01","Aphidius obscuripes",5,"Aphidius obscuripes","Encyclopedia of Life",0.988,"Aphidius obscuripes","Aphidius obscuripes"
"Maui","Maui_01","Araecerus fasciculatus",2,"Araecerus fasciculatus","Wikispecies",0.988,"Araecerus fasciculatus","Araecerus fasciculatus"
"Maui","Maui_01","Araecerus vieillardi",1,"Araecerus vieillardi","Encyclopedia of Life",0.988,"Araecerus vieillardi","Araecerus vieillardi"
"Maui","Maui_01","Atelothrus limbatus",3,"Atelothrus limbatus","Index to Organism Names",0.988,"Atelothrus limbatus","Atelothrus limbatus"
"Maui","Maui_01","Athesapeuta cyperi",8,"Athesapeuta cyperi","Encyclopedia of Life",0.988,"Athesapeuta cyperi","Athesapeuta cyperi"
"Maui","Maui_01","Atheta coriaria",1,"Atheta coriaria","National Center for Biotechnology Information",0.988,"Atheta coriaria","Atheta coriaria"
"Maui","Maui_01","Athetis thoracica",2,"Athetis thoracica","National Center for Biotechnology Information",0.988,"Athetis thoracica","Athetis thoracica"
"Maui","Maui_01","Balclutha timberlakei",10,"Balclutha timberlakei","Encyclopedia of Life",0.988,"Balclutha timberlakei","Balclutha timberlakei"
"Maui","Maui_01","Barypristus incendiarius",5,"Barypristus incendiarius","Index to Organism Names",0.988,"Barypristus incendiarius","Barypristus incendiarius"
"Maui","Maui_01","Batrachedrodes supercincta",5,"Batrachedrodes supercincta","Freebase",0.988,"Batrachedrodes supercincta","Batrachedrodes supercincta"
"Maui","Maui_01","Brontolaemus currax mauiensis",4,"Brontolaemus currax mauiensis","Encyclopedia of Life",0.999,"Brontolaemus currax mauiensis","Brontolaemus currax mauiensis"
"Maui","Maui_01","Buenoa pallipes",11,"Buenoa pallipes","Encyclopedia of Life",0.988,"Buenoa pallipes","Buenoa pallipes"
"Maui","Maui_01","Campsicnemus ephydrus",1,"Campsicnemus ephydrus","Wikispecies",0.988,"Campsicnemus ephydrus","Campsicnemus ephydrus"
"Maui","Maui_01","Campsicnemus macula",5,"Campsicnemus macula","Wikispecies",0.988,"Campsicnemus macula","Campsicnemus macula"
"Maui","Maui_01","Campsicnemus philohydratus",3,"Campsicnemus philohydratus","Wikispecies",0.988,"Campsicnemus philohydratus","Campsicnemus philohydratus"
"Maui","Maui_01","Canaceoides angulatus",5,"Canaceoides angulatus","National Center for Biotechnology Information",0.988,"Canaceoides angulatus","Canaceoides angulatus"
"Maui","Maui_01","Cardiocondyla wroughtonii",7,"Cardiocondyla wroughtonii","Wikispecies",0.988,"Cardiocondyla wroughtonii","Cardiocondyla wroughtonii"
"Maui","Maui_01","Carpophilus maculatus",4,"Carpophilus maculatus","Wikispecies",0.988,"Carpophilus maculatus","Carpophilus maculatus"
"Maui","Maui_01","Carposina mauii",11,"Carposina mauii","Freebase",0.988,"Carposina mauii","Carposina mauii"
"Maui","Maui_01","Carposina mauiii",1,"Carposina mauiii","Catalogue of Life Checklist",0.75,"Carposina mauii","Carposina mauii"
"Maui","Maui_01","Caryedon serratus",2,"Caryedon serratus","National Center for Biotechnology Information",0.988,"Caryedon serratus","Caryedon serratus"
"Maui","Maui_01","Cephalops titanus",9,"Cephalops titanus","Encyclopedia of Life",0.988,"Cephalops titanus","Cephalops titanus"
"Maui","Maui_01","Cheiracanthium diversum",6,"Cheiracanthium diversum","uBio NameBank",0.988,"Cheiracanthium diversum","Cheiracanthium diversum"
"Maui","Maui_01","Chlorococcus straussiae",3,"Chlorococcus straussiae","Encyclopedia of Life",0.988,"Chlorococcus straussiae","Chlorococcus straussiae"
"Maui","Maui_01","Circulifer tenellus",3,"Circulifer tenellus","Freebase",0.988,"Circulifer tenellus","Circulifer tenellus"
"Maui","Maui_01","Cis immaturus",7,"Cis immaturus","Encyclopedia of Life",0.988,"Cis immaturus","Cis immaturus"
"Maui","Maui_01","Colpodiscus lucipetens",3,"Colpodiscus lucipetens","Index to Organism Names",0.988,"Colpodiscus lucipetens","Colpodiscus lucipetens"
"Maui","Maui_01","Cremastus flavoorbitalis",5,"Cremastus flavoorbitalis","Index to Organism Names",0.988,"Cremastus flavoorbitalis","Cremastus flavoorbitalis"
"Maui","Maui_01","Cydia plicata",4,"Cydia plicata","uBio NameBank",0.988,"Cydia plicata","Cydia plicata"
"Maui","Maui_01","Diestota occidentalis",5,"Diestota occidentalis","Encyclopedia of Life",0.988,"Diestota occidentalis","Diestota occidentalis"
"Maui","Maui_01","Drosophila disticha",2,"Drosophila disticha","CU*STAR",0.988,"Drosophila disticha","Drosophila disticha"
"Maui","Maui_01","Drosophila kikkawai",13,"Drosophila kikkawai","Wikispecies",0.988,"Drosophila kikkawai","Drosophila kikkawai"
"Maui","Maui_01","Drosophila lemniscata",2,"Drosophila lemniscata","Wikispecies",0.988,"Drosophila lemniscata","Drosophila lemniscata"
"Maui","Maui_01","Drosophila mediana",3,"Drosophila mediana","Wikispecies",0.988,"Drosophila mediana","Drosophila mediana"
"Maui","Maui_01","Drosophila spectabilis",2,"Drosophila spectabilis","Wikispecies",0.988,"Drosophila spectabilis","Drosophila spectabilis"
"Maui","Maui_01","Drosophila truncipenna",3,"Drosophila truncipenna","Wikispecies",0.988,"Drosophila truncipenna","Drosophila truncipenna"
"Maui","Maui_01","Drosophila virilis",4,"Drosophila virilis","Wikispecies",0.988,"Drosophila virilis","Drosophila virilis"
"Maui","Maui_01","Dyscritomyia grimshawi",4,"Dyscritomyia grimshawi","Encyclopedia of Life",0.988,"Dyscritomyia grimshawi","Dyscritomyia grimshawi"
"Maui","Maui_01","Emperoptera zimmermani",4,"Emperoptera zimmermani","Catalogue of Life Checklist",0.988,"Emperoptera zimmermani","Emperoptera zimmermani"
"Maui","Maui_01","Entomobrya albocincta",4,"Entomobrya albocincta","National Center for Biotechnology Information",0.988,"Entomobrya albocincta","Entomobrya albocincta"
"Maui","Maui_01","Ephydra millbrae",12,"Ephydra millbrae","Encyclopedia of Life",0.988,"Ephydra millbrae","Ephydra millbrae"
"Maui","Maui_01","Eupetinus laevigatus",2,"Eupetinus laevigatus","Encyclopedia of Life",0.988,"Eupetinus laevigatus","Eupetinus laevigatus"
"Maui","Maui_01","Eupetinus latimargo",4,"Eupetinus latimargo","Encyclopedia of Life",0.988,"Eupetinus latimargo","Eupetinus latimargo"
"Maui","Maui_01","Eurynogaster spiniger",3,"Eurynogaster spiniger","Encyclopedia of Life",0.988,"Eurynogaster spiniger","Eurynogaster spiniger"
"Maui","Maui_01","Eurynogaster variabilis",4,"Eurynogaster variabilis","National Center for Biotechnology Information",0.988,"Eurynogaster variabilis","Eurynogaster variabilis"
"Maui","Maui_01","Fannia canicularis",10,"Fannia canicularis","Wikispecies",0.988,"Fannia canicularis","Fannia canicularis"
"Maui","Maui_01","Forcipomyia hardyi",5,"Forcipomyia hardyi","Encyclopedia of Life",0.988,"Forcipomyia hardyi","Forcipomyia hardyi"
"Maui","Maui_01","Forcipomyia ingrami",1,"Forcipomyia ingrami","Index to Organism Names",0.988,"Forcipomyia ingrami","Forcipomyia ingrami"
"Maui","Maui_01","Fornax longicornis",11,"Fornax longicornis","Encyclopedia of Life",0.988,"Fornax longicornis","Fornax longicornis"
"Maui","Maui_01","Gymnochiromyia hawaiiensis",4,"Gymnochiromyia hawaiiensis","Encyclopedia of Life",0.988,"Gymnochiromyia hawaiiensis","Gymnochiromyia hawaiiensis"
"Maui","Maui_01","Heterocrossa atronotata",2,"Heterocrossa atronotata","Index to Organism Names",0.988,"Heterocrossa atronotata","Heterocrossa atronotata"
"Maui","Maui_01","Hierodula patellifera",3,"Hierodula patellifera","Wikispecies",0.988,"Hierodula patellifera","Hierodula patellifera"
"Maui","Maui_01","Hofmannophila pseudospretella",5,"Hofmannophila pseudospretella","Wikispecies",0.988,"Hofmannophila pseudospretella","Hofmannophila pseudospretella"
"Maui","Maui_01","Hylaeus facilis",15,"Hylaeus facilis","Wikispecies",0.988,"Hylaeus facilis","Hylaeus facilis"
"Maui","Maui_01","Hyposmocoma bitincta",5,"Hyposmocoma bitincta","Freebase",0.988,"Hyposmocoma bitincta","Hyposmocoma bitincta"
"Maui","Maui_01","Hyposmocoma diffusa",3,"Hyposmocoma diffusa","Freebase",0.988,"Hyposmocoma diffusa","Hyposmocoma diffusa"
"Maui","Maui_01","Hyposmocoma scepticella",2,"Hyposmocoma scepticella","Wikispecies",0.988,"Hyposmocoma scepticella","Hyposmocoma scepticella"
"Maui","Maui_01","Leialoha mauiensis",13,"Leialoha mauiensis","Encyclopedia of Life",0.988,"Leialoha mauiensis","Leialoha mauiensis"
"Maui","Maui_01","Leucania striata",16,"Leucania striata","Wikispecies",0.988,"Leucania striata","Leucania striata"
"Maui","Maui_01","Liancalus metallicus",6,"Liancalus metallicus","Index to Organism Names",0.988,"Liancalus metallicus","Liancalus metallicus"
"Maui","Maui_01","Lispinodes mauiensis",6,"Lispinodes mauiensis","Encyclopedia of Life",0.988,"Lispinodes mauiensis","Lispinodes mauiensis"
"Maui","Maui_01","Lispocephala ascita",3,"Lispocephala ascita","Encyclopedia of Life",0.988,"Lispocephala ascita","Lispocephala ascita"
"Maui","Maui_01","Lispocephala deceptiva",3,"Lispocephala deceptiva","Encyclopedia of Life",0.988,"Lispocephala deceptiva","Lispocephala deceptiva"
"Maui","Maui_01","Lispocephala pollinosa",2,"Lispocephala pollinosa","Encyclopedia of Life",0.988,"Lispocephala pollinosa","Lispocephala pollinosa"
"Maui","Maui_01","Lispocephala subseminigra",3,"Lispocephala subseminigra","Encyclopedia of Life",0.988,"Lispocephala subseminigra","Lispocephala subseminigra"
"Maui","Maui_01","Lispocephala xanthopleura",6,"Lispocephala xanthopleura","Encyclopedia of Life",0.988,"Lispocephala xanthopleura","Lispocephala xanthopleura"
"Maui","Maui_01","Macrosiphum solanifolii",2,"Macrosiphum solanifolii","Catalogue of Life Checklist",0.988,"Macrosiphum solanifolii","Macrosiphum solanifolii"
"Maui","Maui_01","Mecaphesa hiatus",2,"Mecaphesa hiatus","National Center for Biotechnology Information",0.988,"Mecaphesa hiatus","Mecaphesa hiatus"
"Maui","Maui_01","Mecyclothorax rusticus",5,"Mecyclothorax rusticus","Wikispecies",0.988,"Mecyclothorax rusticus","Mecyclothorax rusticus"
"Maui","Maui_01","Mecyclothorax unctus",2,"Mecyclothorax unctus","Wikispecies",0.988,"Mecyclothorax unctus","Mecyclothorax unctus"
"Maui","Maui_01","Metaphycus lounsburyi",7,"Metaphycus lounsburyi","Wikispecies",0.988,"Metaphycus lounsburyi","Metaphycus lounsburyi"
"Maui","Maui_01","Myllaena vicina",1,"Myllaena vicina","Encyclopedia of Life",0.988,"Myllaena vicina","Myllaena vicina"
"Maui","Maui_01","Nabis koelensis",2,"Nabis koelensis","Freebase",0.988,"Nabis koelensis","Nabis koelensis"
"Maui","Maui_01","Neoclytarlus railliardiae",1,"Neoclytarlus railliardiae","GBIF Backbone Taxonomy",0.988,"Neoclytarlus railliardiae","Neoclytarlus railliardiae"
"Maui","Maui_01","Neoscatella hawaiiensis",2,"Neoscatella hawaiiensis","Encyclopedia of Life",0.988,"Neoscatella hawaiiensis","Neoscatella hawaiiensis"
"Maui","Maui_01","Neseis ampliata",3,"Neseis ampliata","Encyclopedia of Life",0.988,"Neseis ampliata","Neseis ampliata"
"Maui","Maui_01","Neseis haleakalae",2,"Neseis haleakalae","Encyclopedia of Life",0.988,"Neseis haleakalae","Neseis haleakalae"
"Maui","Maui_01","Nesiomiris cheliferus",4,"Nesiomiris cheliferus","Encyclopedia of Life",0.988,"Nesiomiris cheliferus","Nesiomiris cheliferus"
"Maui","Maui_01","Nesomicromus brunnescens",12,"Nesomicromus brunnescens","Index to Organism Names",0.988,"Nesomicromus brunnescens","Nesomicromus brunnescens"
"Maui","Maui_01","Nesosydne blackburni",6,"Nesosydne blackburni","uBio NameBank",0.988,"Nesosydne blackburni","Nesosydne blackburni"
"Maui","Maui_01","Nysius beardsleyi",5,"Nysius beardsleyi","Wikispecies",0.988,"Nysius beardsleyi","Nysius beardsleyi"
"Maui","Maui_01","Nysius kinbergi",1,"Nysius kinbergi","Encyclopedia of Life",0.988,"Nysius kinbergi","Nysius kinbergi"
"Maui","Maui_01","Nysius longicollis",2,"Nysius longicollis","Wikispecies",0.988,"Nysius longicollis","Nysius longicollis"
"Maui","Maui_01","Odynerus erythrostactes",2,"Odynerus erythrostactes","Index to Organism Names",0.988,"Odynerus erythrostactes","Odynerus erythrostactes"
"Maui","Maui_01","Odynerus nigripennis",4,"Odynerus nigripennis","Encyclopedia of Life",0.988,"Odynerus nigripennis","Odynerus nigripennis"
"Maui","Maui_01","Oeobia heterodoxa",1,"Oeobia heterodoxa","uBio NameBank",0.988,"Oeobia heterodoxa","Oeobia heterodoxa"
"Maui","Maui_01","Oligota glabra",1,"Oligota glabra","Encyclopedia of Life",0.988,"Oligota glabra","Oligota glabra"
"Maui","Maui_01","Omiodes blackburni",2,"Omiodes blackburni","National Center for Biotechnology Information",0.988,"Omiodes blackburni","Omiodes blackburni"
"Maui","Maui_01","Orthezia insignis",3,"Orthezia insignis","Global Invasive Species Database",0.988,"Orthezia insignis","Orthezia insignis"
"Maui","Maui_01","Pachodynerus nasidens",2,"Pachodynerus nasidens","National Center for Biotechnology Information",0.988,"Pachodynerus nasidens","Pachodynerus nasidens"
"Maui","Maui_01","Pagiopalus atomarius",6,"Pagiopalus atomarius","Encyclopedia of Life",0.988,"Pagiopalus atomarius","Pagiopalus atomarius"
"Maui","Maui_01","Pararrhaptica perkinsana",9,"Pararrhaptica perkinsana","Catalogue of Life Checklist",0.988,"Pararrhaptica perkinsana","Pararrhaptica perkinsana"
"Maui","Maui_01","Pectinophora gossypiella",8,"Pectinophora gossypiella","National Center for Biotechnology Information",0.988,"Pectinophora gossypiella","Pectinophora gossypiella"
"Maui","Maui_01","Pentamerismus oregonensis",8,"Pentamerismus oregonensis","Encyclopedia of Life",0.988,"Pentamerismus oregonensis","Pentamerismus oregonensis"
"Maui","Maui_01","Phaeogramma vittipennis",3,"Phaeogramma vittipennis","National Center for Biotechnology Information",0.988,"Phaeogramma vittipennis","Phaeogramma vittipennis"
"Maui","Maui_01","Phenacoccus madeirensis",9,"Phenacoccus madeirensis","National Center for Biotechnology Information",0.988,"Phenacoccus madeirensis","Phenacoccus madeirensis"
"Maui","Maui_01","Philodoria dubauticola",9,"Philodoria dubauticola","Wikispecies",0.988,"Philodoria dubauticola","Philodoria dubauticola"
"Maui","Maui_01","Phlyctaenia liopis",1,"Phlyctaenia liopis","Index to Organism Names",0.988,"Phlyctaenia liopis","Phlyctaenia liopis"
"Maui","Maui_01","Plagithmysus medeirosi",4,"Plagithmysus medeirosi","Encyclopedia of Life",0.988,"Plagithmysus medeirosi","Plagithmysus medeirosi"
"Maui","Maui_01","Plagithmysus simillimus",3,"Plagithmysus simillimus","Encyclopedia of Life",0.988,"Plagithmysus simillimus","Plagithmysus simillimus"
"Maui","Maui_01","Plagithmysus smilacis",6,"Plagithmysus smilacis","Encyclopedia of Life",0.988,"Plagithmysus smilacis","Plagithmysus smilacis"
"Maui","Maui_01","Prognathogryllus kukui",5,"Prognathogryllus kukui","Encyclopedia of Life",0.988,"Prognathogryllus kukui","Prognathogryllus kukui"
"Maui","Maui_01","Proterhinus comes",3,"Proterhinus comes","Wikispecies",0.988,"Proterhinus comes","Proterhinus comes"
"Maui","Maui_01","Proterhinus haleakalae",16,"Proterhinus haleakalae","Wikispecies",0.988,"Proterhinus haleakalae","Proterhinus haleakalae"
"Maui","Maui_01","Proterhinus ruficollis",5,"Proterhinus ruficollis","Wikispecies",0.988,"Proterhinus ruficollis","Proterhinus ruficollis"
"Maui","Maui_01","Proterhinus tuberculiceps",3,"Proterhinus tuberculiceps","Wikispecies",0.988,"Proterhinus tuberculiceps","Proterhinus tuberculiceps"
"Maui","Maui_01","Psallus luteus",1,"Psallus luteus","Index to Organism Names",0.988,"Psallus luteus","Psallus luteus"
"Maui","Maui_01","Remaudiereana nigriceps",5,"Remaudiereana nigriceps","Wikispecies",0.988,"Remaudiereana nigriceps","Remaudiereana nigriceps"
"Maui","Maui_01","Scaptomyza exigua",3,"Scaptomyza exigua","National Center for Biotechnology Information",0.988,"Scaptomyza exigua","Scaptomyza exigua"
"Maui","Maui_01","Scaptomyza nasalis",3,"Scaptomyza nasalis","National Center for Biotechnology Information",0.988,"Scaptomyza nasalis","Scaptomyza nasalis"
"Maui","Maui_01","Scaptomyza pallifrons",10,"Scaptomyza pallifrons","National Center for Biotechnology Information",0.988,"Scaptomyza pallifrons","Scaptomyza pallifrons"
"Maui","Maui_01","Scatella femoralis",2,"Scatella femoralis","Encyclopedia of Life",0.988,"Scatella femoralis","Scatella femoralis"
"Maui","Maui_01","Scotorythra brunnea",3,"Scotorythra brunnea","Freebase",0.988,"Scotorythra brunnea","Scotorythra brunnea"
"Maui","Maui_01","Sierola mauiensis",2,"Sierola mauiensis","Index to Organism Names",0.988,"Sierola mauiensis","Sierola mauiensis"
"Maui","Maui_01","Sigmatineurum nigrum",1,"Sigmatineurum nigrum","Encyclopedia of Life",0.988,"Sigmatineurum nigrum","Sigmatineurum nigrum"
"Maui","Maui_01","Sinella kukae",2,"Sinella kukae","Encyclopedia of Life",0.988,"Sinella kukae","Sinella kukae"
"Maui","Maui_01","Stoeberhinus testaceus",4,"Stoeberhinus testaceus","National Center for Biotechnology Information",0.988,"Stoeberhinus testaceus","Stoeberhinus testaceus"
"Maui","Maui_01","Syntormon distortitarsis",3,"Syntormon distortitarsis","Encyclopedia of Life",0.988,"Syntormon distortitarsis","Syntormon distortitarsis"
"Maui","Maui_01","Tetragnatha acuta",3,"Tetragnatha acuta","Wikispecies",0.988,"Tetragnatha acuta","Tetragnatha acuta"
"Maui","Maui_01","Tetragnatha hawaiensis",3,"Tetragnatha hawaiensis","National Center for Biotechnology Information",0.988,"Tetragnatha hawaiensis","Tetragnatha hawaiensis"
"Maui","Maui_01","Tetragnatha macracantha",4,"Tetragnatha macracantha","National Center for Biotechnology Information",0.988,"Tetragnatha macracantha","Tetragnatha macracantha"
"Maui","Maui_01","Tetragnatha quasimodo",2,"Tetragnatha quasimodo","National Center for Biotechnology Information",0.988,"Tetragnatha quasimodo","Tetragnatha quasimodo"
"Maui","Maui_01","Tetramorium tonganum",2,"Tetramorium tonganum","National Center for Biotechnology Information",0.988,"Tetramorium tonganum","Tetramorium tonganum"
"Maui","Maui_01","Trigonidium pseudokua",2,"Trigonidium pseudokua","Encyclopedia of Life",0.988,"Trigonidium pseudokua","Trigonidium pseudokua"
"Maui","Maui_01","Trigonidium wahoi",6,"Trigonidium wahoi","Encyclopedia of Life",0.988,"Trigonidium wahoi","Trigonidium wahoi"
"Maui","Maui_01","Udea heterodoxa",7,"Udea heterodoxa","National Center for Biotechnology Information",0.988,"Udea heterodoxa","Udea heterodoxa"
"Maui","Maui_01","Vanessa tameamea",1,"Vanessa tameamea","Wikispecies",0.988,"Vanessa tameamea","Vanessa tameamea"
"Maui","Maui_01","Vespula pensylvanica",10,"Vespula pensylvanica","Wikispecies",0.988,"Vespula pensylvanica","Vespula pensylvanica"
"Maui","Maui_01","Xyleborinus saxeseni",1,"Xyleborinus saxeseni","Encyclopedia of Life",0.988,"Xyleborinus saxeseni","Xyleborinus saxeseni"
